{
  "accuracy": 0.9569743233865371,
  "classification_report": {
    "Non-coding": {
      "precision": 0.8288288288288288,
      "recall": 0.8846153846153846,
      "f1-score": 0.8558139534883721,
      "support": 208.0
    },
    "Coding": {
      "precision": 0.9803117309269893,
      "recall": 0.9691808596918086,
      "f1-score": 0.9747145187601958,
      "support": 1233.0
    },
    "accuracy": 0.9569743233865371,
    "macro avg": {
      "precision": 0.9045702798779091,
      "recall": 0.9268981221535966,
      "f1-score": 0.915264236124284,
      "support": 1441.0
    },
    "weighted avg": {
      "precision": 0.9584460517899891,
      "recall": 0.9569743233865371,
      "f1-score": 0.9575519111428887,
      "support": 1441.0
    }
  },
  "confusion_matrix": [
    [
      184,
      24
    ],
    [
      38,
      1195
    ]
  ]
}