{
  "test_loss": 0.2588160395946192,
  "test_accuracy": 0.9569743233865371,
  "classification_report": {
    "Non-coding": {
      "precision": 0.8288288288288288,
      "recall": 0.8846153846153846,
      "f1-score": 0.8558139534883721,
      "support": 208.0
    },
    "Coding": {
      "precision": 0.9803117309269893,
      "recall": 0.9691808596918086,
      "f1-score": 0.9747145187601958,
      "support": 1233.0
    },
    "accuracy": 0.9569743233865371,
    "macro avg": {
      "precision": 0.9045702798779091,
      "recall": 0.9268981221535966,
      "f1-score": 0.915264236124284,
      "support": 1441.0
    },
    "weighted avg": {
      "precision": 0.9584460517899891,
      "recall": 0.9569743233865371,
      "f1-score": 0.9575519111428887,
      "support": 1441.0
    }
  },
  "confusion_matrix": [
    [
      184,
      24
    ],
    [
      38,
      1195
    ]
  ],
  "num_samples": {
    "train": 11526,
    "val": 1441,
    "test": 1441
  },
  "config": {
    "fasta": "data/ergobibamus_cyprinoides_genome.fasta",
    "gff3": "data/ergobibamus_cyprinoides_labels.gff3",
    "output_dir": "outputs",
    "window_size": 1000,
    "stride": 1000,
    "epochs": 10,
    "batch_size": 32,
    "lr": 0.001,
    "embed_dim": 256,
    "num_heads": 4,
    "num_layers": 4,
    "dropout": 0.1,
    "val_size": 0.1,
    "test_size": 0.1,
    "seed": 42,
    "max_samples": 0,
    "early_stop_patience": 3,
    "early_stop_min_delta": 0.0001
  }
}